{"epoch": 0, "loss": 2.9209911223911207, "accuracy": 0.8329007625579834, "f1_score_macro": 0.7761530013618984, "f1_score_micro": 0.8329007539241132, "total_train_time": 6275.829788923264, "model_train_time": 401.6273822784424, "total_val_time": 778.1571087837219}
{"epoch": 1, "loss": 2.891120022652456, "accuracy": 0.8644172549247742, "f1_score_macro": 0.8087480880888405, "f1_score_micro": 0.864417253738722, "total_train_time": 5162.544355392456, "model_train_time": 3974.0274579524994, "total_val_time": 627.0007944107056}
{"epoch": 2, "loss": 2.868090578923634, "accuracy": 0.8868959546089172, "f1_score_macro": 0.8324565509605423, "f1_score_micro": 0.8868959337535534, "total_train_time": 5173.982009410858, "model_train_time": 3846.8475348949432, "total_val_time": 628.7959129810333}
{"epoch": 3, "loss": 2.8569589821904247, "accuracy": 0.8982356786727905, "f1_score_macro": 0.8477511089315128, "f1_score_micro": 0.8982356939809665, "total_train_time": 5316.234138727188, "model_train_time": 3992.655681848526, "total_val_time": 626.8790214061737}
{"epoch": 4, "loss": 2.856939691590255, "accuracy": 0.8997651934623718, "f1_score_macro": 0.8480731453068211, "f1_score_micro": 0.8997651711778519, "total_train_time": 5516.8913588523865, "model_train_time": 3623.053522348404, "total_val_time": 627.3028638362885}
{"epoch": 5, "loss": 2.8569503596061505, "accuracy": 0.8997033834457397, "f1_score_macro": 0.8496748116863263, "f1_score_micro": 0.8997033741193919, "total_train_time": 5142.971800804138, "model_train_time": 3883.022543668747, "total_val_time": 629.5399775505066}
